<?xml version="1.0" encoding="UTF-8"?>
<!DOCTYPE mapper
  PUBLIC "-//mybatis.org//DTD Mapper 3.0//EN"
  "http://mybatis.org/dtd/mybatis-3-mapper.dtd">

<mapper namespace="semo.store.mapper.GoodMapper">

	<resultMap type="Good" id="goodMap">
		<id property="id" column="goodNum" />
		<result property="title" column="title" />
		<result property="content" column="contents" />
		<result property="product" column="product" />
		<result property="startDate" column="startDate" />
		<result property="endDate" column="endDate" />
		<association property="image" javaType="Image" />
	</resultMap>


	<resultMap type="Image" id="image">
		<result property="imageType" column="imageType" />
		<result property="imageName" column="imageName" />
	</resultMap>



	<sql id="selectGood">
		SELECT goodNum, title, contents, product, startDate,
		endDate, imageType, imageName
		FROM good_tb
	</sql>

	<select id="selectAllGood" resultMap="goodMap">
		<include refid="selectGood"></include>
	</select>

	<insert id="insertGood" parameterType="Good">
		INSERT INTO good_tb (goodNum, title, contents, product, startDate, endDate, imageType, imageName)
		VALUES (good_sq.nextval, #{title}, #{content}, 
		#{product}, #{startDate}, #{endDate}, #{image.imageType},
		#{image.imageName})
	</insert>

	<delete id="deleteGood" parameterType="string">
		DELETE FROM good_tb
		WHERE goodNum =#{id}
	</delete>

	<insert id="insertEnterUsers" parameterType="hashmap">
		insert into enteruser_tb (enterNum, userId, goodNum)
		values (enteruser_sq.nextval ,${user}, ${good})
	</insert>

</mapper>
