<?xml version="1.0" encoding="UTF-8"?>
<!DOCTYPE mapper
  PUBLIC "-//mybatis.org//DTD Mapper 3.0//EN"
  "http://mybatis.org/dtd/mybatis-3-mapper.dtd">

<mapper namespace="semo.store.mapper.GoodMapper">

	<resultMap type="Good" id="goodMap">
		<id property="id" column="goodNum" />
		<result property="title" column="title" />
		<result property="content" column="contents" />
		<result property="product" column="product" />
		<result property="startDate" column="startDate" />
		<result property="endDate" column="endDate" />
		<result property="useSemo" column="price"/>
		<association property="image" column="goodnum"
				select ="selectImage"
				 javaType="Image" jdbcType="NUMERIC"/>
	</resultMap>


	<resultMap type="Image" id="imagemap">
		<id property="id" column="goodNum"/>
		<result property="imageType" column="imageType" />
		<result property="imageName" column="imageName" />
		
	</resultMap>





	<sql id="selectGood">
		SELECT goodNum, title, contents, product, startDate,
		endDate, imageType, imageName, price
		FROM good_tb
	</sql>
	<sql id = "selectwin">
		select id, pw, name, birth, phonenumber, interest, email, gender, grade, semo
		from user_tb
	</sql>
	
	
	<select id="selectImage" parameterType="String" resultMap="imagemap">
		select goodNUM, IMAGETYPE, IMAGENAME
		from good_tb
		where goodNUM = #{goodId}
	</select>
	
	

	
	<select id="selectAllGood" resultMap="goodMap">
		<include refid="selectGood"></include>
	</select>

	<insert id="insertGood" parameterType="hashmap">
		INSERT INTO good_tb (goodNum, title, contents, product, startDate, endDate, imageType, imageName, price)
		VALUES (good_sq.nextval, #{title}, #{content}, 
		#{product}, #{startDate}, #{endDate}, #{image.imageType},
		#{image.imageName}, #{useSemo}) 
	</insert>

	<delete id="deleteGood" parameterType="string">
		DELETE FROM good_tb
		WHERE goodNum =#{id}
	</delete>

	<insert id="insertEnterUsers" parameterType="hashmap">
		insert into enteruser_tb (enterNum, userId, goodNum)
		values (enteruser_sq.nextval ,'${user}', '${good}')
	</insert>
	
	<select id="selectEnterUsers" parameterType="String" resultType="String">
	 	select userid
	 	from enteruser_tb
	 	where goodnum = #{id}
	 	
	</select>
	
	
	
	
	
	
	
	
	<insert id="insertWinners" parameterType="map">
		INSERT INTO WINNER_TB (WINNERNUM, USERID, GOODNUM)
		VALUES (winner_sq.nextval, '${userId}', ${goodId})
	</insert>

	<delete id="deleteWinnersGood" parameterType="string">
		DELETE FROM WINNER_TB
		WHERE GOODNUM =#{goodId}
	</delete>
	
	
	
	
	<select id="selectGoodIdbyUserId" parameterType="String" resultType="String"> 
	 	select goodNum
	 	from enteruser_tb
	 	where userId = #{userId}
	</select>
	
	<select id="selectGoodByGoodId" parameterType="String" resultMap="goodMap"> 
	 	<include refid="selectGood"/>
	 	where goodNum = #{goodId}
	</select>
	


</mapper>

